trial,learning_rate,batch_size,epochs,val_accuracy,status
0000,0.01,32,2,0.9947267770767212,COMPLETED
0001,0.001,256,2,0.9779482483863831,COMPLETED
0002,0.001,128,2,0.9942473769187927,COMPLETED
0003,0.0001,64,2,0.8921380639076233,COMPLETED
0004,0.001,64,2,0.9952061176300049,COMPLETED
0005,0.0001,256,2,0.7502396702766418,COMPLETED
0006,0.01,256,2,0.9942473769187927,COMPLETED
0007,0.01,64,2,0.9952061176300049,COMPLETED
0008,0.0001,128,2,0.797698974609375,COMPLETED
0009,0.0001,32,2,0.951102614402771,COMPLETED
0010,0.001,32,2,0.9952061176300049,COMPLETED
0011,0.01,128,2,0.9952061176300049,COMPLETED
