Model,Source,Target,Accuracy,Precision,Recall,F1,FPR
DNN,NFv2-UNSW-NB15,NFv2-BoT-IoT,84.35,80.07,91.47,85.39,22.76
DNN,NFv2-UNSW-NB15,NFv2-ToN-IoT,27.18,16.43,11.17,13.3,56.8
DNN,NFv2-UNSW-NB15,NFv2-CIC-2018,26.48,9.69,5.65,7.14,52.69
MLP,NFv2-BoT-IoT,NFv2-UNSW-NB15,49.87,41.67,0.86,1.69,1.21
MLP,NFv2-BoT-IoT,NFv2-ToN-IoT,47.53,14.58,1.02,1.9,5.95
MLP,NFv2-BoT-IoT,NFv2-CIC-2018,50.15,71.1,0.52,1.03,0.21
LSTM,NFv2-ToN-IoT,NFv2-UNSW-NB15,49.96,0.0,0.0,0.0,0.17
LSTM,NFv2-ToN-IoT,NFv2-BoT-IoT,49.65,0.0,0.0,0.0,0.7
LSTM,NFv2-ToN-IoT,NFv2-CIC-2018,49.91,49.7,14.94,22.98,15.12
GRU,NFv2-CIC-2018,NFv2-UNSW-NB15,45.99,7.27,0.69,1.26,8.79
GRU,NFv2-CIC-2018,NFv2-BoT-IoT,81.69,99.87,63.46,77.6,0.08
GRU,NFv2-CIC-2018,NFv2-ToN-IoT,45.15,0.19,0.02,0.03,9.72
