epoch,accuracy,loss,val_accuracy,val_loss
1,0.9961,0.0106,0.9995,0.0013
2,0.9997,0.00079588,0.9999,0.00049467
3,0.9998,0.0005953,0.9999,0.00040403
4,0.9999,0.00047436,0.9999,0.00027275
5,0.9999,0.00034894,0.9999,0.00020865
6,0.9999,0.00025887,0.9999,0.00033312
7,0.9999,0.00034454,0.9999,0.00033037
8,0.9999,0.0002432,0.9999,0.00033725
9,0.9999,0.00022656,0.9999,0.00022504
10,0.9999,0.0002849,1.0,5.4989e-05
11,0.9999,0.00018082,0.9999,0.0003964
12,0.9999,0.000228,0.9999,0.00013923
13,0.9999,0.00021927,0.9999,0.0011
14,0.9999,0.00023396,1.0,9.4795e-05
15,0.9999,0.00018815,1.0,8.773e-05
16,1.0,0.00019633,1.0,7.2765e-05
17,0.9999,0.00013771,1.0,0.0001145
18,0.9999,0.00025695,0.9999,0.00018148
19,1.0,0.00014059,1.0,0.00010236
20,1.0,0.00011234,0.9999,0.00016502
21,0.9999,0.00020098,1.0,0.00025563
22,1.0,9.3427e-05,1.0,8.2753e-05
23,1.0,0.0001697,1.0,9.3801e-05
24,0.9999,0.00021663,0.9999,0.00015038
25,1.0,0.00013692,1.0,9.9562e-05
26,1.0,0.00011362,0.9999,0.00078985
27,0.9999,0.00022664,1.0,8.7957e-05
28,1.0,0.00023339,0.9999,0.00049912
29,1.0,0.00013,1.0,0.00011107
30,1.0,0.00017743,0.9999,0.00013123
